<application>
  <component name="ProjectJdkTable">
    <jdk version="2">
      <name value="Android API 28 Platform" />
      <type value="Android SDK" />
      <version value="java version &quot;1.8.0_152&quot;" />
      <homePath value="$USER_HOME$/Android/Sdk" />
      <roots>
        <annotationsPath>
          <root type="composite">
            <root url="jar://$USER_HOME$/Android/Sdk/platforms/android-28/data/annotations.zip!/" type="simple" />
          </root>
        </annotationsPath>
        <classPath>
          <root type="composite">
            <root url="jar://$USER_HOME$/Android/Sdk/platforms/android-28/android.jar!/" type="simple" />
            <root url="file://$USER_HOME$/Android/Sdk/platforms/android-28/data/res" type="simple" />
          </root>
        </classPath>
        <javadocPath>
          <root type="composite">
            <root url="file://$USER_HOME$/Android/Sdk/docs/reference" type="simple" />
          </root>
        </javadocPath>
        <sourcePath>
          <root type="composite">
            <root url="file://$USER_HOME$/Android/Sdk/sources/android-28" type="simple" />
          </root>
        </sourcePath>
      </roots>
      <additional jdk="1.8" sdk="android-28" />
    </jdk>
    <jdk version="2">
      <name value="10" />
      <type value="JavaSDK" />
      <version value="java version &quot;10.0.2&quot;" />
      <homePath value="/usr/lib/jvm/java-10-openjdk" />
      <roots>
        <annotationsPath>
          <root type="composite">
            <root url="jar://$APPLICATION_HOME_DIR$/lib/jdkAnnotations.jar!/" type="simple" />
          </root>
        </annotationsPath>
        <classPath>
          <root type="composite">
            <root url="jrt:///usr/lib/jvm/java-10-openjdk!/java.activation" type="simple" />
            <root url="jrt:///usr/lib/jvm/java-10-openjdk!/java.base" type="simple" />
            <root url="jrt:///usr/lib/jvm/java-10-openjdk!/java.compiler" type="simple" />
            <root url="jrt:///usr/lib/jvm/java-10-openjdk!/java.corba" type="simple" />
            <root url="jrt:///usr/lib/jvm/java-10-openjdk!/java.datatransfer" type="simple" />
            <root url="jrt:///usr/lib/jvm/java-10-openjdk!/java.desktop" type="simple" />
            <root url="jrt:///usr/lib/jvm/java-10-openjdk!/java.instrument" type="simple" />
            <root url="jrt:///usr/lib/jvm/java-10-openjdk!/java.logging" type="simple" />
            <root url="jrt:///usr/lib/jvm/java-10-openjdk!/java.management" type="simple" />
            <root url="jrt:///usr/lib/jvm/java-10-openjdk!/java.management.rmi" type="simple" />
            <root url="jrt:///usr/lib/jvm/java-10-openjdk!/java.naming" type="simple" />
            <root url="jrt:///usr/lib/jvm/java-10-openjdk!/java.prefs" type="simple" />
            <root url="jrt:///usr/lib/jvm/java-10-openjdk!/java.rmi" type="simple" />
            <root url="jrt:///usr/lib/jvm/java-10-openjdk!/java.scripting" type="simple" />
            <root url="jrt:///usr/lib/jvm/java-10-openjdk!/java.se" type="simple" />
            <root url="jrt:///usr/lib/jvm/java-10-openjdk!/java.se.ee" type="simple" />
            <root url="jrt:///usr/lib/jvm/java-10-openjdk!/java.security.jgss" type="simple" />
            <root url="jrt:///usr/lib/jvm/java-10-openjdk!/java.security.sasl" type="simple" />
            <root url="jrt:///usr/lib/jvm/java-10-openjdk!/java.smartcardio" type="simple" />
            <root url="jrt:///usr/lib/jvm/java-10-openjdk!/java.sql" type="simple" />
            <root url="jrt:///usr/lib/jvm/java-10-openjdk!/java.sql.rowset" type="simple" />
            <root url="jrt:///usr/lib/jvm/java-10-openjdk!/java.transaction" type="simple" />
            <root url="jrt:///usr/lib/jvm/java-10-openjdk!/java.xml" type="simple" />
            <root url="jrt:///usr/lib/jvm/java-10-openjdk!/java.xml.bind" type="simple" />
            <root url="jrt:///usr/lib/jvm/java-10-openjdk!/java.xml.crypto" type="simple" />
            <root url="jrt:///usr/lib/jvm/java-10-openjdk!/java.xml.ws" type="simple" />
            <root url="jrt:///usr/lib/jvm/java-10-openjdk!/java.xml.ws.annotation" type="simple" />
            <root url="jrt:///usr/lib/jvm/java-10-openjdk!/jdk.accessibility" type="simple" />
            <root url="jrt:///usr/lib/jvm/java-10-openjdk!/jdk.aot" type="simple" />
            <root url="jrt:///usr/lib/jvm/java-10-openjdk!/jdk.attach" type="simple" />
            <root url="jrt:///usr/lib/jvm/java-10-openjdk!/jdk.charsets" type="simple" />
            <root url="jrt:///usr/lib/jvm/java-10-openjdk!/jdk.compiler" type="simple" />
            <root url="jrt:///usr/lib/jvm/java-10-openjdk!/jdk.crypto.cryptoki" type="simple" />
            <root url="jrt:///usr/lib/jvm/java-10-openjdk!/jdk.crypto.ec" type="simple" />
            <root url="jrt:///usr/lib/jvm/java-10-openjdk!/jdk.dynalink" type="simple" />
            <root url="jrt:///usr/lib/jvm/java-10-openjdk!/jdk.editpad" type="simple" />
            <root url="jrt:///usr/lib/jvm/java-10-openjdk!/jdk.hotspot.agent" type="simple" />
            <root url="jrt:///usr/lib/jvm/java-10-openjdk!/jdk.httpserver" type="simple" />
            <root url="jrt:///usr/lib/jvm/java-10-openjdk!/jdk.incubator.httpclient" type="simple" />
            <root url="jrt:///usr/lib/jvm/java-10-openjdk!/jdk.internal.ed" type="simple" />
            <root url="jrt:///usr/lib/jvm/java-10-openjdk!/jdk.internal.jvmstat" type="simple" />
            <root url="jrt:///usr/lib/jvm/java-10-openjdk!/jdk.internal.le" type="simple" />
            <root url="jrt:///usr/lib/jvm/java-10-openjdk!/jdk.internal.opt" type="simple" />
            <root url="jrt:///usr/lib/jvm/java-10-openjdk!/jdk.internal.vm.ci" type="simple" />
            <root url="jrt:///usr/lib/jvm/java-10-openjdk!/jdk.internal.vm.compiler" type="simple" />
            <root url="jrt:///usr/lib/jvm/java-10-openjdk!/jdk.internal.vm.compiler.management" type="simple" />
            <root url="jrt:///usr/lib/jvm/java-10-openjdk!/jdk.jartool" type="simple" />
            <root url="jrt:///usr/lib/jvm/java-10-openjdk!/jdk.javadoc" type="simple" />
            <root url="jrt:///usr/lib/jvm/java-10-openjdk!/jdk.jcmd" type="simple" />
            <root url="jrt:///usr/lib/jvm/java-10-openjdk!/jdk.jconsole" type="simple" />
            <root url="jrt:///usr/lib/jvm/java-10-openjdk!/jdk.jdeps" type="simple" />
            <root url="jrt:///usr/lib/jvm/java-10-openjdk!/jdk.jdi" type="simple" />
            <root url="jrt:///usr/lib/jvm/java-10-openjdk!/jdk.jdwp.agent" type="simple" />
            <root url="jrt:///usr/lib/jvm/java-10-openjdk!/jdk.jlink" type="simple" />
            <root url="jrt:///usr/lib/jvm/java-10-openjdk!/jdk.jshell" type="simple" />
            <root url="jrt:///usr/lib/jvm/java-10-openjdk!/jdk.jsobject" type="simple" />
            <root url="jrt:///usr/lib/jvm/java-10-openjdk!/jdk.jstatd" type="simple" />
            <root url="jrt:///usr/lib/jvm/java-10-openjdk!/jdk.localedata" type="simple" />
            <root url="jrt:///usr/lib/jvm/java-10-openjdk!/jdk.management" type="simple" />
            <root url="jrt:///usr/lib/jvm/java-10-openjdk!/jdk.management.agent" type="simple" />
            <root url="jrt:///usr/lib/jvm/java-10-openjdk!/jdk.naming.dns" type="simple" />
            <root url="jrt:///usr/lib/jvm/java-10-openjdk!/jdk.naming.rmi" type="simple" />
            <root url="jrt:///usr/lib/jvm/java-10-openjdk!/jdk.net" type="simple" />
            <root url="jrt:///usr/lib/jvm/java-10-openjdk!/jdk.pack" type="simple" />
            <root url="jrt:///usr/lib/jvm/java-10-openjdk!/jdk.rmic" type="simple" />
            <root url="jrt:///usr/lib/jvm/java-10-openjdk!/jdk.scripting.nashorn" type="simple" />
            <root url="jrt:///usr/lib/jvm/java-10-openjdk!/jdk.scripting.nashorn.shell" type="simple" />
            <root url="jrt:///usr/lib/jvm/java-10-openjdk!/jdk.sctp" type="simple" />
            <root url="jrt:///usr/lib/jvm/java-10-openjdk!/jdk.security.auth" type="simple" />
            <root url="jrt:///usr/lib/jvm/java-10-openjdk!/jdk.security.jgss" type="simple" />
            <root url="jrt:///usr/lib/jvm/java-10-openjdk!/jdk.unsupported" type="simple" />
            <root url="jrt:///usr/lib/jvm/java-10-openjdk!/jdk.xml.bind" type="simple" />
            <root url="jrt:///usr/lib/jvm/java-10-openjdk!/jdk.xml.dom" type="simple" />
            <root url="jrt:///usr/lib/jvm/java-10-openjdk!/jdk.xml.ws" type="simple" />
            <root url="jrt:///usr/lib/jvm/java-10-openjdk!/jdk.zipfs" type="simple" />
          </root>
        </classPath>
        <javadocPath>
          <root type="composite">
            <root url="https://docs.oracle.com/javase/10/docs/api/" type="simple" />
          </root>
        </javadocPath>
        <sourcePath>
          <root type="composite" />
        </sourcePath>
      </roots>
      <additional />
    </jdk>
    <jdk version="2">
      <name value="1.8" />
      <type value="JavaSDK" />
      <version value="java version &quot;1.8.0_212&quot;" />
      <homePath value="$USER_HOME$/.sdkman/candidates/java/8.0.212-zulu" />
      <roots>
        <annotationsPath>
          <root type="composite">
            <root url="jar://$APPLICATION_HOME_DIR$/lib/jdkAnnotations.jar!/" type="simple" />
          </root>
        </annotationsPath>
        <classPath>
          <root type="composite">
            <root url="jar://$USER_HOME$/.sdkman/candidates/java/8.0.212-zulu/jre/lib/charsets.jar!/" type="simple" />
            <root url="jar://$USER_HOME$/.sdkman/candidates/java/8.0.212-zulu/jre/lib/ext/cldrdata.jar!/" type="simple" />
            <root url="jar://$USER_HOME$/.sdkman/candidates/java/8.0.212-zulu/jre/lib/ext/dnsns.jar!/" type="simple" />
            <root url="jar://$USER_HOME$/.sdkman/candidates/java/8.0.212-zulu/jre/lib/ext/jaccess.jar!/" type="simple" />
            <root url="jar://$USER_HOME$/.sdkman/candidates/java/8.0.212-zulu/jre/lib/ext/localedata.jar!/" type="simple" />
            <root url="jar://$USER_HOME$/.sdkman/candidates/java/8.0.212-zulu/jre/lib/ext/nashorn.jar!/" type="simple" />
            <root url="jar://$USER_HOME$/.sdkman/candidates/java/8.0.212-zulu/jre/lib/ext/sunec.jar!/" type="simple" />
            <root url="jar://$USER_HOME$/.sdkman/candidates/java/8.0.212-zulu/jre/lib/ext/sunjce_provider.jar!/" type="simple" />
            <root url="jar://$USER_HOME$/.sdkman/candidates/java/8.0.212-zulu/jre/lib/ext/sunpkcs11.jar!/" type="simple" />
            <root url="jar://$USER_HOME$/.sdkman/candidates/java/8.0.212-zulu/jre/lib/ext/zipfs.jar!/" type="simple" />
            <root url="jar://$USER_HOME$/.sdkman/candidates/java/8.0.212-zulu/jre/lib/jce.jar!/" type="simple" />
            <root url="jar://$USER_HOME$/.sdkman/candidates/java/8.0.212-zulu/jre/lib/jfr.jar!/" type="simple" />
            <root url="jar://$USER_HOME$/.sdkman/candidates/java/8.0.212-zulu/jre/lib/jsse.jar!/" type="simple" />
            <root url="jar://$USER_HOME$/.sdkman/candidates/java/8.0.212-zulu/jre/lib/management-agent.jar!/" type="simple" />
            <root url="jar://$USER_HOME$/.sdkman/candidates/java/8.0.212-zulu/jre/lib/resources.jar!/" type="simple" />
            <root url="jar://$USER_HOME$/.sdkman/candidates/java/8.0.212-zulu/jre/lib/rt.jar!/" type="simple" />
          </root>
        </classPath>
        <javadocPath>
          <root type="composite" />
        </javadocPath>
        <sourcePath>
          <root type="composite">
            <root url="jar://$USER_HOME$/.sdkman/candidates/java/8.0.212-zulu/src.zip!/" type="simple" />
          </root>
        </sourcePath>
      </roots>
      <additional />
    </jdk>
  </component>
</application>