<application>
  <component name="MaterialThemeConfig">
    <option name="version" value="2.9.6.4" />
    <option name="selectedTheme" value="ONE_DARK" />
    <option name="highlightColor" value="80cbc4" />
    <option name="isContrastMode" value="true" />
    <option name="accentColor" value="ff00ff" />
    <option name="tabsHeight" value="28" />
    <option name="isCompactStatusBar" value="true" />
    <option name="isCompactTables" value="true" />
    <option name="compactDropdowns" value="true" />
    <option name="settingsSelectedTab" value="6" />
    <option name="userId" value="-4e7f6600:168d40d0af8:-8000" />
    <option name="isWizardShown" value="true" />
  </component>
</application>