<application>
  <component name="GitRememberedInputs">
    <option name="visitedUrls">
      <list>
        <UrlAndUserName>
          <option name="url" value="http://github.com" />
          <option name="userName" value="Treborium" />
        </UrlAndUserName>
        <UrlAndUserName>
          <option name="url" value="http://bitbucket.ops.expertcity.com" />
          <option name="userName" value="rfuchs" />
        </UrlAndUserName>
      </list>
    </option>
  </component>
</application>