<keymap version="1" name="Default copy" parent="Default for XWin">
  <action id="ActivateTerminalToolWindow">
    <keyboard-shortcut first-keystroke="alt t" />
  </action>
  <action id="Arrangement.Alias.Rule.Edit" />
  <action id="Arrangement.Rule.Edit" />
  <action id="Back">
    <keyboard-shortcut first-keystroke="ctrl alt left" />
    <mouse-shortcut keystroke="button4" />
    <keyboard-shortcut first-keystroke="alt left" />
  </action>
  <action id="ChangesView.GroupBy.Directory" />
  <action id="ChangesView.Rename">
    <keyboard-shortcut first-keystroke="shift f6" />
  </action>
  <action id="CollapseAll">
    <keyboard-shortcut first-keystroke="ctrl subtract" />
  </action>
  <action id="CollapseExpandableComponent">
    <keyboard-shortcut first-keystroke="shift enter" />
    <keyboard-shortcut first-keystroke="ctrl subtract" />
  </action>
  <action id="CollapseRegion">
    <keyboard-shortcut first-keystroke="ctrl subtract" />
  </action>
  <action id="Diff.NextChange" />
  <action id="Diff.PrevChange" />
  <action id="EditorDecreaseFontSize">
    <keyboard-shortcut first-keystroke="ctrl minus" />
  </action>
  <action id="EditorIncreaseFontSize">
    <keyboard-shortcut first-keystroke="ctrl plus" />
  </action>
  <action id="FileChooser.NewFolder">
    <keyboard-shortcut first-keystroke="alt insert" />
  </action>
  <action id="FileChooser.TogglePathShowing" />
  <action id="Forward">
    <keyboard-shortcut first-keystroke="ctrl alt right" />
    <mouse-shortcut keystroke="button5" />
    <keyboard-shortcut first-keystroke="alt right" />
  </action>
  <action id="Git.Reword.Commit">
    <keyboard-shortcut first-keystroke="shift f6" />
  </action>
  <action id="GotoAction">
    <keyboard-shortcut first-keystroke="shift ctrl a" />
    <keyboard-shortcut first-keystroke="shift ctrl p" />
  </action>
  <action id="GotoChangedFile" />
  <action id="GotoClass" />
  <action id="GotoFile">
    <keyboard-shortcut first-keystroke="ctrl p" />
  </action>
  <action id="GotoNextError" />
  <action id="Images.Editor.ZoomOut">
    <keyboard-shortcut first-keystroke="ctrl subtract" />
  </action>
  <action id="NewElementInMenuGroup">
    <keyboard-shortcut first-keystroke="ctrl n" />
  </action>
  <action id="NextTab" />
  <action id="ParameterInfo" />
  <action id="PreviousTab" />
  <action id="Refactorings.QuickListPopupAction">
    <keyboard-shortcut first-keystroke="ctrl r" />
  </action>
  <action id="RenameElement">
    <keyboard-shortcut first-keystroke="f2" />
  </action>
  <action id="Replace" />
  <action id="ShelvedChanges.Rename">
    <keyboard-shortcut first-keystroke="shift f6" />
  </action>
  <action id="UML.ZoomOut">
    <keyboard-shortcut first-keystroke="ctrl subtract" />
  </action>
  <action id="XDebugger.EditWatch" />
  <action id="XDebugger.SetValue" />
</keymap>